yy,admin2,latitude,longitude,num_events,total_fatalities,event_type
2020,Ariha,35.7124448176583,36.567247120921,1042,359,All
2020,Idleb,35.8859397333333,36.7451958666668,750,815,All
2020,Deir ez Zor,35.2821185483871,40.2790383064517,496,516,All
2020,As Suqaylabiyah,35.611819729207,36.3559342359767,517,239,All
2020,Al Hasakeh,36.3733711500975,40.7213573099416,513,327,All
2020,Ras Al Ain,36.8236537313432,40.1920086567164,335,333,All
2020,Izra,32.874462962963,36.150325308642,162,116,All
2020,Dara,32.6778155462185,36.119349369748,476,460,All
2020,Ath Thawrah,35.7512929577465,38.6300507042254,142,225,All
2020,Ar Raqqa,35.9311642023346,39.1274583657588,257,271,All
2020,As Salamiyeh,35.2698954128441,37.5966660550458,109,371,All
2020,Al Mayadin,34.9991423220973,40.5270471910112,267,278,All
2020,Al Mara,35.6137790804597,36.5515452107279,1305,721,All
2020,Abu Kamal,34.5768618811881,40.8674024752476,202,285,All
2020,Tell Abiad,36.5214639215687,38.8720460784314,510,368,All
2020,Azaz,36.5074360655737,37.0860426229509,488,177,All
2020,Afrin,36.505554968944,36.8492795031056,322,236,All
2020,Harim,36.1835079545455,36.6117034090909,88,153,All
2020,Az Zabdani,33.64714,36.09374,5,2,All
2020,Jarablus,36.7236222222222,37.9588925925926,54,31,All
2020,Menbij,36.5535776595744,37.8832425531915,94,18,All
2020,Al Haffa,35.7339419642857,36.2023410714286,112,52,All
2020,Quamishli,36.9846313432836,41.2610507462687,67,33,All
2020,As Sanamayn,33.0756737704918,36.1437967213115,61,75,All
2020,As Sweida,32.722464516129,36.5387580645161,62,55,All
2020,Jebel Saman,36.1489419071517,36.9674813048933,797,575,All
2020,At Tall,33.6670322222223,36.33008,90,136,All
2020,Lattakia,35.7742823529412,36.0145960784314,51,5,All
2020,Muhradah,35.3132833333333,36.5486666666667,12,2,All
2020,Al Bab,36.400451724138,37.5376643678161,174,147,All
2020,Jisr Ash Shugur,35.8176615384616,36.2857865384615,104,31,All
2020,Masyaf,35.156925,36.3896625,8,15,All
2020,Al Malikeyyeh,37.0471961538462,42.0063076923077,26,17,All
2020,Quneitra,33.1250543478261,35.8699739130435,46,42,All
2020,Damascus,33.5138916666667,36.2730916666667,36,37,All
2020,Duma,33.4539842105263,36.8718631578947,19,54,All
2020,Homs,34.6443,36.8864888888889,18,20,All
2020,Tadmor,34.7341671428571,38.7115714285714,70,316,All
2020,Rural Damascus,33.4349458333333,36.271775,24,41,All
2020,Ar Rastan,34.8629181818182,36.7296272727273,11,16,All
2020,An Nabk,34.03106,36.65222,5,3,All
2020,Hama,35.243025,36.76302,40,35,All
2020,Al Qutayfah,33.77245,36.6682,2,2,All
2020,Ain Al Arab,36.8172695652174,38.2288304347826,23,15,All
2020,Al Fiq,32.86765,35.87365,2,11,All
2020,Shahba,32.8903153846154,36.6007153846154,13,14,All
2020,Al Makhrim,34.8311,37.3759666666667,3,6,All
2020,Yabroud,33.8636,36.4158,1,2,All
2020,Qatana,33.3153857142857,36.0173142857143,14,4,All
2020,Salkhad,32.5154125,36.6602125,16,37,All
2020,As Safira,35.9283125,37.4043375,8,8,All
2020,Tall Kalakh,34.6953,36.458,1,0,All
2020,Jablah,35.3985,35.94442,10,0,All
2020,Tartous,34.8866,35.8934,1,1,All
2020,Al Qardaha,35.4538,36.0511,3,1,All
2020,Al Qusayr,34.5078,36.5803,1,0,All
2020,Darayya,33.4253,36.2255,1,2,All
2019,Al Mara,35.5425468689061,36.6479715709652,4615,2704,All
2019,Masyaf,35.1440428571429,36.38775,42,35,All
2019,Al Bab,36.4190067039107,37.5140039106146,179,198,All
2019,At Tall,33.6653000000001,36.329,122,293,All
2019,Jebel Saman,36.1092290218269,37.0278410670976,1237,740,All
2019,Al Mayadin,34.9797272084806,40.5443593639576,283,511,All
2019,Ariha,35.7348486220472,36.5436257874015,508,276,All
2019,Idleb,35.8554900653594,36.78982627451,765,720,All
2019,Afrin,36.5138854103343,36.8447249240121,329,210,All
2019,Tell Abiad,36.5538304347826,38.927986231884,276,518,All
2019,As Sanamayn,33.0729555555556,36.1727580246914,81,62,All
2019,Quamishli,36.9801,41.2805978947369,95,65,All
2019,As Suqaylabiyah,35.523186683988,36.3860840207856,3079,1465,All
2019,Al Hasakeh,36.3710634844869,40.7035233890215,419,471,All
2019,Deir ez Zor,35.2730788413097,40.3523682619647,397,569,All
2019,Izra,32.8699947826087,36.1588504347826,115,128,All
2019,Ar Raqqa,35.9467951515151,39.0628484848485,165,235,All
2019,Dara,32.6788753787878,36.1085113636364,264,242,All
2019,Abu Kamal,34.5483579411765,40.8998658823529,340,1561,All
2019,Azaz,36.5145670378619,37.0929926503341,449,296,All
2019,Qatana,33.3361777777778,36.0750555555556,9,7,All
2019,Al Qardaha,35.4527166666667,36.0564166666667,6,5,All
2019,Al Haffa,35.7283469543148,36.2086383248731,394,643,All
2019,Hama,35.308526802218,36.7354937153421,541,284,All
2019,Jisr Ash Shugur,35.8102406311637,36.2625642998027,507,218,All
2019,Jablah,35.38575,35.9392,22,5,All
2019,Ras Al Ain,36.8125133514985,40.1825542234331,367,571,All
2019,Ath Thawrah,35.862875,38.5416363636363,44,43,All
2019,Darayya,33.4371333333333,36.2169333333333,6,13,All
2019,Homs,34.6677466666667,36.9062866666667,15,58,All
2019,Damascus,33.5098675,36.282185,40,60,All
2019,Jarablus,36.7768744680851,37.962070212766,47,57,All
2019,Shahba,32.9013407407408,36.5939703703704,27,12,All
2019,Quneitra,33.1326866666667,35.8701733333334,30,20,All
2019,Lattakia,35.727234351145,35.9359519083969,131,170,All
2019,As Sweida,32.7181364341085,36.5636961240311,129,78,All
2019,Salkhad,32.5060166666667,36.7448277777778,18,7,All
2019,Menbij,36.5392408333333,37.91127,120,104,All
2019,Rural Damascus,33.465775862069,36.2671896551724,29,34,All
2019,Harim,36.2060344262295,36.6477450819672,122,198,All
2019,Tadmor,34.7877893617021,38.7313659574468,47,279,All
2019,As Salamiyeh,35.1794733333333,37.2649733333333,45,89,All
2019,Ain Al Arab,36.8151844827587,38.3058620689655,58,37,All
2019,Muhradah,35.3436376845377,36.5778215229214,1287,1107,All
2019,Duma,33.4729588235294,37.0076,17,32,All
2019,Al Malikeyyeh,37.107915625,42.092775,32,27,All
2019,Ar Rastan,34.8892285714286,36.7449714285714,7,9,All
2019,Tartous,34.8866,35.8934,1,0,All
2019,An Nabk,34.0976428571429,36.7090142857143,7,5,All
2019,Yabroud,33.9683,36.6594,2,1,All
2019,Al Qusayr,34.5842,36.4537,3,2,All
2019,Az Zabdani,33.6407666666667,36.106,3,6,All
2019,Al Qutayfah,33.8442,36.5457,1,0,All
2019,Tall Kalakh,34.6694,36.2585,1,1,All
2019,Al Makhrim,34.7694,37.5585,1,4,All
2019,Safita,34.8669,36.1346,1,0,All
2019,As Safira,36.0802,37.3755,1,1,All
2018,Jebel Saman,36.1282997545008,37.0408060556464,1222,1069,All
2018,Al Haffa,35.733753125,36.1840397321429,224,180,All
2018,At Tall,33.6641211267606,36.3282887323944,142,755,All
2018,As Suqaylabiyah,35.5235174321504,36.4014559498955,958,289,All
2018,Jisr Ash Shugur,35.8257061708861,36.2752753164556,632,269,All
2018,Al Mara,35.5433851063829,36.7303605263157,1786,1102,All
2018,Azaz,36.5138268115942,37.1027144927537,276,262,All
2018,Idleb,35.8793846072186,36.7782233545651,942,1639,All
2018,Al Bab,36.3964601449276,37.5375884057971,138,114,All
2018,As Salamiyeh,35.0697753554503,37.076118957346,211,160,All
2018,Al Hasakeh,36.2301484149857,40.8257446685879,347,800,All
2018,Muhradah,35.342433573718,36.5921720352562,1248,261,All
2018,Hama,35.2501765432096,36.7728931412894,729,904,All
2018,Abu Kamal,34.5767416216216,40.8714266409265,1295,5591,All
2018,Deir ez Zor,35.3161256410255,40.2735754985754,351,936,All
2018,Duma,33.5038531602708,36.5354461625283,886,3761,All
2018,Al Mayadin,34.9560275862069,40.5605118226601,203,772,All
2018,Rural Damascus,33.5153940624999,36.3667703125,640,2319,All
2018,Jarablus,36.7811366666666,37.9794883333333,60,65,All
2018,Tell Abiad,36.6067037037037,38.9533648148148,54,55,All
2018,Ar Raqqa,35.9451325581395,39.0433755813954,172,238,All
2018,Menbij,36.5186636363636,37.9369484848485,66,70,All
2018,Harim,36.1903143396226,36.6572252830189,265,393,All
2018,Ras Al Ain,36.8314852459017,40.0788459016393,61,67,All
2018,Quamishli,37.0069053571428,41.2433589285715,56,63,All
2018,Lattakia,35.7404541353383,35.9491090225564,133,186,All
2018,Damascus,33.5065999999999,36.2968413043478,460,1324,All
2018,Afrin,36.5503786317569,36.7965054054053,1184,2004,All
2018,Ariha,35.7586914728682,36.5439887596899,258,218,All
2018,Dara,32.6764501002004,36.1111120240477,998,1209,All
2018,As Sanamayn,33.0821366863905,36.1057029585799,169,246,All
2018,Quneitra,33.1512763157894,35.8776636842106,190,122,All
2018,Darayya,33.4578979166667,36.2936333333333,48,190,All
2018,As Sweida,32.7180606060606,36.5992181818182,132,470,All
2018,Ain Al Arab,36.856409375,38.2115875,32,15,All
2018,Homs,34.8103571875,36.6825734375,320,260,All
2018,Ath Thawrah,35.858625,38.580515,20,17,All
2018,Tadmor,34.5864255319149,38.6433617021277,47,271,All
2018,Al Qusayr,34.5504857142857,36.5575142857143,7,5,All
2018,Shahba,32.9467236842105,36.5390157894737,38,98,All
2018,Izra,32.8537278443114,36.2099880239521,334,661,All
2018,Salkhad,32.5174666666667,36.5917666666667,6,11,All
2018,Al Malikeyyeh,37.1337466666667,42.2296066666667,15,3,All
2018,Masyaf,35.0485888888889,36.402737037037,27,19,All
2018,Yabroud,33.9683,36.6594,1,0,All
2018,Tall Kalakh,34.70915,36.2682375,8,9,All
2018,Banyas,35.20115,35.9711,4,21,All
2018,Al Qardaha,35.4538,36.0511,4,0,All
2018,Tartous,34.8866,35.8934,1,0,All
2018,Jablah,35.3960375,35.95674375,16,0,All
2018,Qatana,33.2958666666667,36.0531777777778,9,5,All
2018,Ar Rastan,34.8879984848485,36.7767051515151,330,204,All
2018,Al Qutayfah,33.830903030303,36.9236545454545,33,60,All
2018,As Safira,35.841445945946,37.4349432432433,37,5,All
2018,Al Makhrim,34.7791,37.1684625,8,5,All
2018,An Nabk,34.0686,36.5419,3,2,All
2018,Az Zabdani,33.6440666666667,36.1249,3,6,All
2017,Ar Rastan,34.8774369137671,36.7520730711043,661,394,All
2017,Dara,32.6614238874346,36.1082639397903,1528,2344,All
2017,Hama,35.2286625474252,36.8128175609754,1845,2545,All
2017,Duma,33.5362847535933,36.5432466119097,1948,2938,All
2017,Al Mara,35.5189502988048,36.7159526892429,1004,1149,All
2017,Jebel Saman,36.1616945521216,37.0691375589313,1909,2337,All
2017,As Salamiyeh,35.1164615424701,37.3136597186036,1919,2610,All
2017,Abu Kamal,34.5529344322346,40.8464620268618,819,2099,All
2017,Muhradah,35.3167331106868,36.5982428435113,1048,928,All
2017,Al Haffa,35.735308,36.182416,175,159,All
2017,Rural Damascus,33.5123498926271,36.3637674302077,1397,2036,All
2017,As Safira,35.8364257142858,37.4114499999999,350,449,All
2017,Idleb,35.9110796850394,36.7299436220474,635,1239,All
2017,Lattakia,35.7474616666667,35.967825,120,146,All
2017,Ar Raqqa,35.9427726524683,39.0544114714425,2066,7582,All
2017,Al Mayadin,34.9708705192628,40.5132448911223,597,1972,All
2017,Jisr Ash Shugur,35.8280771712159,36.2725267990073,403,368,All
2017,Azaz,36.5021102611941,37.1089052238806,536,747,All
2017,Afrin,36.5190807017544,36.8681578947368,114,39,All
2017,Damascus,33.521255855856,36.3078226226227,999,1633,All
2017,Ariha,35.7432778325123,36.5610246305419,203,257,All
2017,Quneitra,33.1672316831684,35.8594782178217,404,468,All
2017,Qatana,33.3183556603774,35.944023773585,530,692,All
2017,Deir ez Zor,35.3482923377258,40.1593926793554,2049,5633,All
2017,Al Hasakeh,36.1268135922331,40.7997679611651,412,1132,All
2017,Homs,34.7580125252526,36.7911104040405,990,1853,All
2017,As Suqaylabiyah,35.4910272164947,36.3856680412371,485,351,All
2017,Quamishli,36.9958367346939,41.2357551020408,49,85,All
2017,Al Bab,36.3568724957555,37.564532597623,589,1861,All
2017,As Sanamayn,33.0712621301775,36.1054106508876,169,170,All
2017,Jablah,35.3760909090909,35.9352454545455,11,40,All
2017,Ras Al Ain,36.8148181818182,40.1209386363636,44,138,All
2017,Masyaf,35.0232014492754,36.4011376811594,69,93,All
2017,Menbij,36.186095264624,37.9619303621169,359,714,All
2017,Harim,36.1818509433962,36.634543018868,265,658,All
2017,Tell Abiad,36.51208625,38.92183625,80,133,All
2017,Izra,32.875895390071,36.1901141843972,282,485,All
2017,At Tall,33.6643225000001,36.3288341666667,120,152,All
2017,As Sweida,32.7075780821918,36.5917452054795,73,129,All
2017,Al Malikeyyeh,37.0978454545455,42.0366409090909,22,56,All
2017,An Nabk,34.054706930693,36.6868524752476,101,332,All
2017,Darayya,33.4577977272728,36.2958068181818,44,49,All
2017,Jarablus,36.7710948275862,37.9883,58,70,All
2017,Al Makhrim,34.8164229665072,37.331119138756,209,365,All
2017,Tadmor,34.6860515653777,38.5803594843465,543,1317,All
2017,Az Zabdani,33.664556,36.1207802857144,350,508,All
2017,Al Qutayfah,33.843697979798,36.9671373737374,99,247,All
2017,Ath Thawrah,35.8382872570196,38.5572483801298,463,1342,All
2017,Shahba,32.9646448275862,36.5891482758621,29,102,All
2017,Tall Kalakh,34.6980405405406,36.2118027027027,37,38,All
2017,Ain Al Arab,36.7967833333333,38.274725,24,47,All
2017,Al Fiq,32.8328,35.7836,1,0,All
2017,Al Qardaha,35.4538,36.0511,7,2,All
2017,Al Qusayr,34.5951142857143,36.5633685714286,35,106,All
2017,Yabroud,33.9702058823529,36.6363117647059,17,32,All
2017,Salkhad,32.4683666666667,36.5949666666667,3,11,All
2017,Tartous,34.8866,35.8934,5,14,All
2020,Ariha,35.7106848712446,36.5637644849783,932,221,Explosions/Remote violence
2020,Idleb,35.8888255319149,36.7400818181818,517,370,Explosions/Remote violence
2020,Deir ez Zor,35.294914117647,40.2562994117648,170,280,Battles
2020,Deir ez Zor,35.2599895,40.3529805,200,148,Violence against civilians
2020,As Suqaylabiyah,35.5703518987342,36.3712481012658,79,171,Battles
2020,Al Hasakeh,36.3475809523809,40.9369136904763,168,71,Violence against civilians
2020,Ras Al Ain,36.8295989010989,40.2256857142858,182,223,Explosions/Remote violence
2020,As Suqaylabiyah,35.6193655963303,36.352947706422,436,67,Explosions/Remote violence
2020,Izra,32.8617578313253,36.161165060241,83,74,Battles
2020,Dara,32.6555094736842,36.1419147368421,95,65,Explosions/Remote violence
2020,Ath Thawrah,35.6810793650794,38.6726015873016,63,61,Explosions/Remote violence
2020,Al Hasakeh,36.4479488888889,40.5227,180,100,Explosions/Remote violence
2020,Ath Thawrah,35.7376693877551,38.6319,49,149,Battles
2020,Ar Raqqa,35.9337695652174,39.126375,92,83,Violence against civilians
2020,Al Hasakeh,36.3182727272727,40.7185987878788,165,156,Battles
2020,Deir ez Zor,35.2999801587302,40.1923492063492,126,88,Explosions/Remote violence
2020,As Salamiyeh,35.213331372549,37.4989058823529,51,44,Explosions/Remote violence
2020,Al Mayadin,34.9968091836735,40.5101816326531,98,132,Battles
2020,Al Mara,35.6055009090909,36.5851168181818,220,581,Battles
2020,Al Mara,35.6157974999999,36.5443818518519,1080,136,Explosions/Remote violence
2020,Abu Kamal,34.6000487179487,40.8704153846154,39,19,Violence against civilians
2020,Al Mayadin,34.9920376623377,40.5453792207792,77,52,Violence against civilians
2020,Tell Abiad,36.5240257790368,38.8557359773372,353,114,Explosions/Remote violence
2020,Azaz,36.5372364583333,37.095284375,96,104,Battles
2020,Afrin,36.5352678899083,36.7841697247706,109,29,Violence against civilians
2020,Tell Abiad,36.5479386363636,38.9595431818182,44,18,Violence against civilians
2020,Harim,36.1641741935484,36.6093806451613,31,100,Explosions/Remote violence
2020,As Salamiyeh,35.3271490566038,37.6838283018868,53,312,Battles
2020,Az Zabdani,33.67235,36.1156,2,1,Battles
2020,Jarablus,36.7236620689655,37.9595655172414,29,19,Battles
2020,Menbij,36.5537157894737,37.8742657894737,38,5,Battles
2020,Tell Abiad,36.5031522123894,38.8889274336283,113,236,Battles
2020,Jarablus,36.7191181818182,37.9523545454546,22,11,Explosions/Remote violence
2020,Azaz,36.4943695054945,37.0809417582418,364,49,Explosions/Remote violence
2020,Menbij,36.5550557692308,37.8884384615385,52,11,Explosions/Remote violence
2020,Ras Al Ain,36.8086938053097,40.1489150442478,113,98,Battles
2020,Al Haffa,35.7321564356435,36.2038465346535,101,22,Explosions/Remote violence
2020,Idleb,35.8665164948454,36.7750072164948,194,414,Battles
2020,Ar Raqqa,35.9370365384615,39.1278625,104,92,Explosions/Remote violence
2020,Quamishli,36.9934875,41.23565,16,21,Battles
2020,Afrin,36.4836033898305,36.8269355932203,59,81,Battles
2020,As Sanamayn,33.0710774193548,36.1515967741936,31,42,Battles
2020,Ras Al Ain,36.838865,40.1605175,40,12,Violence against civilians
2020,As Sweida,32.7277243243243,36.5205243243243,37,29,Violence against civilians
2020,Abu Kamal,34.5733859504132,40.8622983471075,121,188,Explosions/Remote violence
2020,Harim,36.1926409090909,36.6536636363636,22,28,Battles
2020,Ar Raqqa,35.9172229508197,39.1284032786885,61,96,Battles
2020,Jebel Saman,36.1359448780488,36.9872390243902,205,308,Battles
2020,Dara,32.6822864516129,36.1070303225807,155,114,Violence against civilians
2020,Al Mayadin,35.0075739130435,40.5296695652174,92,94,Explosions/Remote violence
2020,Jebel Saman,36.1530034482758,36.9611049999999,580,254,Explosions/Remote violence
2020,Dara,32.6841256637168,36.1183128318584,226,281,Battles
2020,At Tall,33.6663425287357,36.3297080459771,87,108,Violence against civilians
2020,Lattakia,35.77326,36.0207822222222,45,2,Explosions/Remote violence
2020,Ariha,35.7235634615385,36.5986125,104,132,Battles
2020,Quamishli,36.95023,41.28612,30,7,Violence against civilians
2020,Ath Thawrah,35.9209933333333,38.5376733333333,30,15,Violence against civilians
2020,Lattakia,35.78195,35.9682,6,3,Battles
2020,Muhradah,35.3182636363636,36.5431818181818,11,1,Explosions/Remote violence
2020,Al Bab,36.4013732394366,37.5572112676056,71,89,Explosions/Remote violence
2020,Izra,32.8701838709677,36.1756258064516,31,10,Explosions/Remote violence
2020,Afrin,36.4929344155844,36.903924025974,154,126,Explosions/Remote violence
2020,Jisr Ash Shugur,35.80265625,36.27225125,80,13,Explosions/Remote violence
2020,Masyaf,35.159,36.34305,2,6,Battles
2020,Masyaf,35.14814,36.3884,5,9,Explosions/Remote violence
2020,Al Malikeyyeh,36.9987555555556,41.9859222222222,9,9,Violence against civilians
2020,Quneitra,33.0979866666667,35.89764,15,9,Battles
2020,Harim,36.1948914285714,36.5873857142857,35,25,Violence against civilians
2020,Idleb,35.9443025641026,36.6646974358974,39,31,Violence against civilians
2020,Abu Kamal,34.5653452380952,40.8793095238095,42,78,Battles
2020,As Sanamayn,33.09904375,36.12055,16,18,Explosions/Remote violence
2020,Ariha,35.7931,36.56455,6,6,Violence against civilians
2020,Damascus,33.5195142857143,36.2801857142857,21,21,Violence against civilians
2020,Duma,33.4651,37.58755,2,4,Violence against civilians
2020,Quneitra,33.1381516129032,35.8565870967742,31,33,Explosions/Remote violence
2020,Homs,34.6224555555555,36.9569222222222,9,13,Battles
2020,Quamishli,37.0270285714286,41.2445904761905,21,5,Explosions/Remote violence
2020,Azaz,36.5751285714286,37.1206678571429,28,24,Violence against civilians
2020,Tadmor,34.668948,38.705472,25,55,Explosions/Remote violence
2020,Rural Damascus,33.4333692307692,36.2655461538462,13,21,Explosions/Remote violence
2020,As Sweida,32.7233529411765,36.5300470588235,17,14,Battles
2020,Ar Rastan,34.871125,36.718975,4,10,Battles
2020,Tadmor,34.7802325,38.741055,40,231,Battles
2020,Damascus,33.503225,36.259775,12,7,Explosions/Remote violence
2020,Al Bab,36.4028311688312,37.5309194805195,77,43,Battles
2020,Jisr Ash Shugur,35.8464928571429,36.33115,14,10,Battles
2020,Jisr Ash Shugur,35.89734,36.33056,10,8,Violence against civilians
2020,Al Bab,36.3908884615385,37.5042615384616,26,15,Violence against civilians
2020,As Sanamayn,33.0591428571429,36.1530928571429,14,15,Violence against civilians
2020,Muhradah,35.2585,36.609,1,1,Violence against civilians
2020,Izra,32.8991958333333,36.1152416666667,48,32,Violence against civilians
2020,An Nabk,34.03495,36.6823,2,1,Violence against civilians
2020,Duma,33.4049875,36.5562,8,24,Explosions/Remote violence
2020,Al Malikeyyeh,37.0510571428571,41.9907,14,8,Explosions/Remote violence
2020,Hama,35.2462361111111,36.7497527777778,36,23,Explosions/Remote violence
2020,Jebel Saman,36.1746666666667,36.9381416666667,12,13,Violence against civilians
2020,As Salamiyeh,35.23996,37.6699,5,15,Violence against civilians
2020,Duma,33.4950666666667,36.9934111111111,9,26,Battles
2020,Ar Rastan,34.8427,36.7267,2,1,Explosions/Remote violence
2020,Ar Rastan,34.86444,36.73932,5,5,Violence against civilians
2020,Hama,35.33625,36.99515,2,2,Violence against civilians
2020,Al Qutayfah,33.8068,36.7398,1,1,Violence against civilians
2020,Tadmor,34.69174,38.5062,5,30,Violence against civilians
2020,Ain Al Arab,36.8193285714286,38.1684642857143,14,10,Explosions/Remote violence
2020,Al Haffa,35.7503363636364,36.1885181818182,11,30,Battles
2020,Al Fiq,32.86765,35.87365,2,11,Battles
2020,Shahba,32.8801,36.56114,5,6,Battles
2020,Homs,34.5621666666667,36.8922333333333,3,1,Violence against civilians
2020,As Sweida,32.69625,36.6416,8,12,Explosions/Remote violence
2020,Ain Al Arab,36.8332333333333,38.3202666666667,3,1,Battles
2020,Ain Al Arab,36.8044833333333,38.3239666666667,6,4,Violence against civilians
2020,Al Mara,35.54204,36.62168,5,4,Violence against civilians
2020,Al Makhrim,34.8311,37.3759666666667,3,6,Violence against civilians
2020,Yabroud,33.8636,36.4158,1,2,Battles
2020,Homs,34.7181333333333,36.7779666666667,6,6,Explosions/Remote violence
2020,An Nabk,34.024,36.7285,1,2,Explosions/Remote violence
2020,Qatana,33.3347857142857,36.0225142857143,7,2,Explosions/Remote violence
2020,Salkhad,32.5231375,36.639775,8,32,Battles
2020,Salkhad,32.5442333333333,36.6812,3,4,Explosions/Remote violence
2020,Shahba,32.8879666666667,36.6463666666667,6,5,Violence against civilians
2020,Qatana,33.2959857142857,36.0121142857143,7,2,Battles
2020,Menbij,36.53305,37.900975,4,2,Violence against civilians
2020,As Safira,35.9078333333333,37.4063333333333,3,0,Battles
2020,Al Malikeyyeh,37.1745,42.1403,3,0,Battles
2020,Rural Damascus,33.5029,36.3662,2,1,Violence against civilians
2020,Tall Kalakh,34.6953,36.458,1,0,Battles
2020,Masyaf,35.1967,36.4892,1,0,Violence against civilians
2020,Damascus,33.5172,36.2767,3,9,Battles
2020,Jablah,35.407,35.9479,7,0,Battles
2020,Rural Damascus,33.4221222222222,36.2597888888889,9,19,Battles
2020,Az Zabdani,33.6303333333333,36.0791666666667,3,1,Explosions/Remote violence
2020,Shahba,32.9229,36.5627,2,3,Explosions/Remote violence
2020,Jarablus,36.7562666666667,38.0003333333333,3,1,Violence against civilians
2020,Al Qutayfah,33.7381,36.5966,1,1,Battles
2020,As Suqaylabiyah,35.6048,36.4021,2,1,Violence against civilians
2020,As Safira,35.979775,37.378975,4,2,Explosions/Remote violence
2020,Hama,35.092,36.7697,2,10,Battles
2020,Tartous,34.8866,35.8934,1,1,Violence against civilians
2020,Salkhad,32.48576,36.68032,5,1,Violence against civilians
2020,Al Qardaha,35.4538,36.0511,2,0,Explosions/Remote violence
2020,Al Qardaha,35.4538,36.0511,1,1,Violence against civilians
2020,Al Qusayr,34.5078,36.5803,1,0,Explosions/Remote violence
2020,An Nabk,34.0307,36.584,2,0,Battles
2020,At Tall,33.6042,36.3118,1,2,Explosions/Remote violence
2020,Darayya,33.4253,36.2255,1,2,Explosions/Remote violence
2020,Jablah,35.3786666666667,35.9363,3,0,Explosions/Remote violence
2020,At Tall,33.72845,36.3554,2,26,Battles
2020,As Safira,35.7839,37.4998,1,6,Violence against civilians
2019,Al Mara,35.5419636701512,36.6416772822308,4305,1169,Explosions/Remote violence
2019,Masyaf,35.1491216216216,36.3934027027027,37,16,Explosions/Remote violence
2019,Al Bab,36.407904,37.5123213333333,75,91,Battles
2019,At Tall,33.6653000000001,36.329,122,293,Violence against civilians
2019,Jebel Saman,36.1581173652695,37.0323622754491,167,407,Battles
2019,Al Mara,35.5493929292929,36.7389760942762,297,1521,Battles
2019,Al Mayadin,34.9911266666667,40.5290083333333,120,331,Battles
2019,Ariha,35.7326272536687,36.5431758909853,477,243,Explosions/Remote violence
2019,Idleb,35.8492892063492,36.7990765079366,630,427,Explosions/Remote violence
2019,Afrin,36.5106510948905,36.8834277372262,137,94,Explosions/Remote violence
2019,Tell Abiad,36.5610846153846,38.9329777777778,117,164,Explosions/Remote violence
2019,As Sanamayn,33.0738363636364,36.1745672727273,55,46,Battles
2019,Quamishli,36.9786939393939,41.2906181818182,33,7,Violence against civilians
2019,As Suqaylabiyah,35.5246966225625,36.386014066852,2872,676,Explosions/Remote violence
2019,Al Hasakeh,36.3434763779528,40.8124527559055,127,62,Violence against civilians
2019,Al Hasakeh,36.414752739726,40.6475356164384,146,225,Battles
2019,Deir ez Zor,35.2730397727273,40.3452028409091,176,240,Battles
2019,Afrin,36.5359885245901,36.8085368852459,122,34,Violence against civilians
2019,Idleb,35.8590644444444,36.7862422222222,90,243,Battles
2019,Izra,32.8524693877551,36.1724959183674,49,72,Battles
2019,Ar Raqqa,35.9342459459459,39.0950837837838,37,39,Violence against civilians
2019,Tell Abiad,36.5390007407408,38.9172762962963,135,306,Battles
2019,Dara,32.6620938461539,36.1344492307692,65,65,Explosions/Remote violence
2019,Jebel Saman,36.0992417307691,37.0292592307691,1040,300,Explosions/Remote violence
2019,Abu Kamal,34.5430347058824,40.9114423529412,170,670,Explosions/Remote violence
2019,Azaz,36.5106075,37.0901364285715,280,112,Explosions/Remote violence
2019,Azaz,36.5188153846154,37.102391025641,156,170,Battles
2019,As Sanamayn,33.0653388888889,36.1745055555556,18,10,Violence against civilians
2019,Qatana,33.3321428571429,36.0591714285714,7,5,Explosions/Remote violence
2019,Ar Raqqa,35.9556770114942,39.0371218390804,87,130,Explosions/Remote violence
2019,Al Mayadin,34.9703901960784,40.555337254902,102,93,Violence against civilians
2019,Dara,32.6783857142857,36.1019519480519,77,57,Violence against civilians
2019,Al Qardaha,35.4525,36.05748,5,3,Explosions/Remote violence
2019,Tell Abiad,36.6018833333333,38.9638958333333,24,48,Violence against civilians
2019,Al Haffa,35.7268660550458,36.2132550458715,109,624,Battles
2019,Al Hasakeh,36.3513712328767,40.6647575342466,146,184,Explosions/Remote violence
2019,Hama,35.2339657894737,36.7427,38,144,Battles
2019,Al Haffa,35.7289133333334,36.206872631579,285,19,Explosions/Remote violence
2019,Jisr Ash Shugur,35.8046238709678,36.256193548387,465,161,Explosions/Remote violence
2019,As Suqaylabiyah,35.5015058536585,36.3871907317073,205,789,Battles
2019,Al Mayadin,34.9729147540984,40.5562016393443,61,87,Explosions/Remote violence
2019,Izra,32.865675862069,36.1820482758621,29,18,Violence against civilians
2019,Jablah,35.3815,35.93746,15,4,Explosions/Remote violence
2019,Ras Al Ain,36.79023,40.1878825000001,200,368,Battles
2019,Ras Al Ain,36.8294048,40.1746896000001,125,170,Explosions/Remote violence
2019,Ath Thawrah,35.8922863636364,38.5239863636364,22,10,Explosions/Remote violence
2019,Abu Kamal,34.5333525925926,40.9068859259259,135,819,Battles
2019,Azaz,36.5488692307692,37.0417307692308,13,14,Violence against civilians
2019,Deir ez Zor,35.2742801587302,40.331826984127,126,235,Explosions/Remote violence
2019,Darayya,33.44305,36.21265,2,7,Battles
2019,Ar Raqqa,35.9392731707317,39.0883487804878,41,66,Battles
2019,Homs,34.6519777777778,36.9296555555556,9,44,Explosions/Remote violence
2019,Damascus,33.51471,36.28112,20,18,Violence against civilians
2019,Dara,32.688125409836,36.0988319672131,122,120,Battles
2019,Izra,32.8965891891892,36.1225972972973,37,38,Explosions/Remote violence
2019,Jarablus,36.7698096774194,37.9491935483871,31,38,Explosions/Remote violence
2019,Al Bab,36.4279340659341,37.5131087912088,91,100,Explosions/Remote violence
2019,Shahba,32.9056888888889,36.5939444444445,9,2,Battles
2019,Idleb,35.9351533333333,36.6674911111111,45,50,Violence against civilians
2019,Quneitra,33.1362,35.87456,10,11,Battles
2019,Ath Thawrah,35.8027142857143,38.6001428571429,7,17,Battles
2019,Lattakia,35.7220612244898,35.9307663265306,98,25,Explosions/Remote violence
2019,As Sweida,32.7153681818182,36.5597454545454,44,36,Battles
2019,Salkhad,32.5123625,36.7502625,8,4,Violence against civilians
2019,Deir ez Zor,35.2715578947369,40.3928873684211,95,94,Violence against civilians
2019,Menbij,36.553344117647,37.8919176470588,68,66,Battles
2019,Rural Damascus,33.44726,36.2633,10,21,Battles
2019,Harim,36.1979717391304,36.6657956521739,46,39,Explosions/Remote violence
2019,Jarablus,36.7894777777778,37.9869666666667,9,10,Battles
2019,Jisr Ash Shugur,35.8429583333333,36.329725,12,26,Battles
2019,As Sweida,32.7148626865671,36.555952238806,67,19,Violence against civilians
2019,Afrin,36.4816928571429,36.8320485714286,70,82,Battles
2019,Tadmor,34.837075862069,38.7525931034483,29,202,Battles
2019,As Salamiyeh,35.2097527777778,37.3146777777778,36,55,Explosions/Remote violence
2019,Al Mara,35.5792692307692,36.6532461538462,13,14,Violence against civilians
2019,Damascus,33.5229666666667,36.2797,3,12,Battles
2019,Jisr Ash Shugur,35.8842133333333,36.3344466666667,30,31,Violence against civilians
2019,Harim,36.20505,36.637015625,32,110,Battles
2019,Ain Al Arab,36.8155783783784,38.2658135135135,37,14,Explosions/Remote violence
2019,Damascus,33.5018588235294,36.2838764705882,17,30,Explosions/Remote violence
2019,Ariha,35.7727333333333,36.5579777777778,18,26,Battles
2019,Al Qardaha,35.4538,36.0511,1,2,Violence against civilians
2019,Qatana,33.2671,36.0986,1,0,Battles
2019,Jebel Saman,36.18331,36.95351,30,33,Violence against civilians
2019,Harim,36.2151795454546,36.6366772727273,44,49,Violence against civilians
2019,Muhradah,35.3441835570469,36.5812636744965,1192,226,Explosions/Remote violence
2019,Quamishli,36.9975936170213,41.2690425531915,47,38,Explosions/Remote violence
2019,Duma,33.3957,37.3874,8,25,Battles
2019,Jablah,35.3645,35.9305,2,1,Violence against civilians
2019,Ras Al Ain,36.8683523809524,40.1805880952381,42,33,Violence against civilians
2019,As Salamiyeh,35.06178,37.1155,5,21,Violence against civilians
2019,Hama,35.3148800399201,36.7348441117766,501,139,Explosions/Remote violence
2019,Shahba,32.87621875,36.60254375,16,9,Violence against civilians
2019,Rural Damascus,33.47641875,36.2722625,16,12,Explosions/Remote violence
2019,Duma,33.507,37.002125,4,5,Explosions/Remote violence
2019,Menbij,36.53512,37.92984,40,31,Explosions/Remote violence
2019,Ath Thawrah,35.8478133333333,38.54022,15,16,Violence against civilians
2019,Abu Kamal,34.6320914285714,40.81656,35,72,Violence against civilians
2019,Tadmor,34.70638125,38.71195625,16,65,Explosions/Remote violence
2019,As Sanamayn,33.0840375,36.1563875,8,6,Explosions/Remote violence
2019,Jarablus,36.7919571428572,37.9870857142857,7,9,Violence against civilians
2019,Ariha,35.7639,36.5402615384615,13,7,Violence against civilians
2019,Al Malikeyyeh,37.0289714285714,42.0280857142857,7,3,Violence against civilians
2019,Ar Rastan,34.897,36.7663333333333,3,5,Battles
2019,Darayya,33.434175,36.219075,4,6,Explosions/Remote violence
2019,Lattakia,35.742596969697,35.9513515151515,33,145,Battles
2019,Quamishli,36.92838,41.29476,15,20,Battles
2019,Ain Al Arab,36.8891,38.3521,10,10,Violence against civilians
2019,Tartous,34.8866,35.8934,1,0,Violence against civilians
2019,As Sweida,32.7370888888889,36.6021777777778,18,23,Explosions/Remote violence
2019,Menbij,36.4730583333333,37.9590333333333,12,7,Violence against civilians
2019,Ar Rastan,34.8834,36.72895,4,4,Violence against civilians
2019,Al Malikeyyeh,37.0706333333333,42.0591,9,21,Battles
2019,Homs,34.72035,36.7182,2,2,Violence against civilians
2019,Ain Al Arab,36.7466636363636,38.3985363636364,11,13,Battles
2019,Rural Damascus,33.4707333333333,36.2531,3,1,Violence against civilians
2019,Duma,33.56934,36.4043,5,2,Violence against civilians
2019,As Salamiyeh,35.054075,37.004475,4,13,Battles
2019,Al Malikeyyeh,37.163425,42.14001875,16,3,Explosions/Remote violence
2019,Shahba,33.08275,36.5255,2,1,Explosions/Remote violence
2019,Quneitra,33.1233066666667,35.8539733333333,15,6,Explosions/Remote violence
2019,Quneitra,33.1538,35.91,5,3,Violence against civilians
2019,Al Bab,36.4205692307692,37.5299769230769,13,7,Violence against civilians
2019,An Nabk,34.1552,36.7431,2,0,Battles
2019,Muhradah,35.336347826087,36.5332782608696,92,879,Battles
2019,Salkhad,32.5021333333333,36.7436,9,3,Battles
2019,Yabroud,33.9683,36.6594,1,0,Explosions/Remote violence
2019,An Nabk,34.07462,36.69538,5,5,Explosions/Remote violence
2019,Al Qusayr,34.5842,36.4537,3,2,Explosions/Remote violence
2019,Jablah,35.407,35.9479,5,0,Battles
2019,Hama,35.1337,36.7613,2,1,Violence against civilians
2019,Az Zabdani,33.7252,36.1024,1,0,Explosions/Remote violence
2019,Homs,34.676925,36.94775,4,12,Battles
2019,As Suqaylabiyah,35.5772,36.3731,2,0,Violence against civilians
2019,Az Zabdani,33.59855,36.1078,2,6,Battles
2019,Masyaf,35.10646,36.34592,5,19,Battles
2019,Salkhad,32.4902,36.7124,1,0,Explosions/Remote violence
2019,Yabroud,33.9683,36.6594,1,1,Violence against civilians
2019,Al Qutayfah,33.8442,36.5457,1,0,Violence against civilians
2019,Tadmor,34.7244,38.57885,2,12,Violence against civilians
2019,Muhradah,35.3503,36.5761333333333,3,2,Violence against civilians
2019,Tall Kalakh,34.6694,36.2585,1,1,Explosions/Remote violence
2019,Al Makhrim,34.7694,37.5585,1,4,Violence against civilians
2019,Safita,34.8669,36.1346,1,0,Explosions/Remote violence
2019,As Safira,36.0802,37.3755,1,1,Explosions/Remote violence
2019,Qatana,33.4335,36.1627,1,2,Violence against civilians
2018,Jebel Saman,36.1442537128712,37.0461759900989,808,380,Explosions/Remote violence
2018,Al Haffa,35.7336803191489,36.1857095744681,188,31,Explosions/Remote violence
2018,At Tall,33.6653,36.329,139,752,Violence against civilians
2018,As Suqaylabiyah,35.5223910792952,36.4030909691629,908,160,Explosions/Remote violence
2018,Jisr Ash Shugur,35.815112410072,36.2675559352517,556,167,Explosions/Remote violence
2018,Al Mara,35.5393012221423,36.715279798706,1391,600,Explosions/Remote violence
2018,Azaz,36.5236164948454,37.1026195876289,97,173,Battles
2018,Idleb,35.8753554973822,36.7714268760909,573,820,Explosions/Remote violence
2018,Al Bab,36.3929571428571,37.5356714285714,56,55,Battles
2018,As Salamiyeh,35.01794,37.11314,5,5,Violence against civilians
2018,Al Hasakeh,36.1568764705882,40.8524235294118,85,297,Battles
2018,Muhradah,35.3428454470878,36.5927503691549,1219,165,Explosions/Remote violence
2018,Hama,35.240627645051,36.7343755972696,586,188,Explosions/Remote violence
2018,Abu Kamal,34.570257620321,40.8851819518715,748,1972,Explosions/Remote violence
2018,Abu Kamal,34.579759090909,40.8518962809917,484,3493,Battles
2018,Idleb,35.8694741573034,36.8218891385768,267,650,Battles
2018,Deir ez Zor,35.2941627906977,40.2588906976744,129,487,Battles
2018,Idleb,35.9279607843138,36.7021019607843,102,169,Violence against civilians
2018,Jebel Saman,36.0897556786704,37.0366867036012,361,631,Battles
2018,Duma,33.4191339869281,36.6746633986927,306,2248,Battles
2018,Al Mayadin,34.9531461538462,40.5584288461538,104,553,Battles
2018,Rural Damascus,33.5092073770491,36.3630081967213,122,680,Battles
2018,Jarablus,36.7837416666667,37.9739638888889,36,40,Explosions/Remote violence
2018,Tell Abiad,36.6126604651163,38.9645093023256,43,49,Explosions/Remote violence
2018,Ar Raqqa,35.9443495575221,39.043585840708,113,184,Explosions/Remote violence
2018,Deir ez Zor,35.2987141025641,40.3513128205128,78,167,Violence against civilians
2018,Menbij,36.5107414634146,37.9332317073171,41,53,Explosions/Remote violence
2018,Harim,36.1983046875,36.64793125,64,77,Violence against civilians
2018,Ar Raqqa,35.9489096774194,39.0482903225807,31,35,Violence against civilians
2018,Ras Al Ain,36.8270193548387,40.0859935483871,31,45,Explosions/Remote violence
2018,Quamishli,37.008625,41.2476125,24,14,Violence against civilians
2018,Hama,35.3014523076923,36.9491630769231,130,664,Battles
2018,Jebel Saman,36.1476132075472,36.9869981132076,53,58,Violence against civilians
2018,Lattakia,35.7490826923077,35.9567663461538,104,35,Explosions/Remote violence
2018,Quamishli,37.03785,41.1864166666667,12,24,Battles
2018,Harim,36.2053879310345,36.6660706896552,58,107,Battles
2018,Al Haffa,35.7341333333333,36.1753194444445,36,149,Battles
2018,Damascus,33.5095833333333,36.2790979166666,48,63,Violence against civilians
2018,As Suqaylabiyah,35.5507725,36.363145,40,126,Battles
2018,Al Hasakeh,36.3673897058824,40.7611941176471,68,104,Violence against civilians
2018,Lattakia,35.7450125,35.9491583333333,24,131,Battles
2018,Duma,33.5504131578946,36.4496496491228,570,1500,Explosions/Remote violence
2018,Afrin,36.5373071186441,36.808703220339,590,815,Explosions/Remote violence
2018,Ariha,35.7415212121212,36.5436409090909,66,97,Battles
2018,Dara,32.6626425899281,36.1407414388487,695,438,Explosions/Remote violence
2018,As Sanamayn,33.0927111111111,36.145562962963,27,135,Battles
2018,Ras Al Ain,36.8417578947369,40.0707263157895,19,8,Violence against civilians
2018,Al Mara,35.5523955223881,36.798863880597,335,462,Battles
2018,Quneitra,33.1626448275862,35.8789793103448,29,61,Battles
2018,Darayya,33.4575666666667,36.2645111111111,9,4,Explosions/Remote violence
2018,Al Mayadin,34.957635,40.5602816666667,60,180,Explosions/Remote violence
2018,Menbij,36.53596,37.9452533333333,15,7,Battles
2018,Al Hasakeh,36.2141469072164,40.8366814432991,194,399,Explosions/Remote violence
2018,Quneitra,33.1488917197452,35.8782171974523,157,53,Explosions/Remote violence
2018,Ariha,35.7647027777778,36.5429494444444,180,108,Explosions/Remote violence
2018,Harim,36.1806244755245,36.6577972027972,143,209,Explosions/Remote violence
2018,As Sweida,32.7148342105263,36.6270842105263,38,35,Explosions/Remote violence
2018,Azaz,36.5719,37.0720222222222,9,10,Violence against civilians
2018,As Sweida,32.7153139534884,36.5717348837209,43,71,Violence against civilians
2018,Duma,33.44234,37.1658,10,13,Violence against civilians
2018,Al Mara,35.587755,36.697505,60,40,Violence against civilians
2018,Deir ez Zor,35.3452319444445,40.2446229166667,144,282,Explosions/Remote violence
2018,Ain Al Arab,36.8530275862069,38.1970517241379,29,15,Explosions/Remote violence
2018,Dara,32.6793745454546,36.1336945454546,55,133,Violence against civilians
2018,Al Mayadin,34.9612384615384,40.5664205128205,39,39,Violence against civilians
2018,Homs,34.8416817460317,36.6516551587301,252,80,Explosions/Remote violence
2018,Abu Kamal,34.6305444444445,40.8581523809524,63,126,Violence against civilians
2018,As Salamiyeh,35.0461401234568,37.0470938271605,162,60,Explosions/Remote violence
2018,As Sweida,32.7227803921568,36.6016274509804,51,364,Battles
2018,Quamishli,36.986275,41.27242,20,25,Explosions/Remote violence
2018,Muhradah,35.3279916666667,36.5643291666667,24,91,Battles
2018,Azaz,36.5051664705882,37.1043935294117,170,79,Explosions/Remote violence
2018,Afrin,36.5210867647059,36.8223485294117,68,51,Violence against civilians
2018,Jarablus,36.7495384615385,37.9819230769231,13,19,Battles
2018,Dara,32.7144959677419,36.0230697580645,248,638,Battles
2018,Al Bab,36.3769357142857,37.5307571428572,14,12,Violence against civilians
2018,Al Bab,36.4033647058824,37.5405735294117,68,47,Explosions/Remote violence
2018,Ath Thawrah,35.8854625,38.570775,8,4,Violence against civilians
2018,Ar Raqqa,35.9441107142857,39.0370857142857,28,19,Battles
2018,Jisr Ash Shugur,35.863059375,36.313640625,32,61,Battles
2018,Tadmor,34.5741615384615,38.7328538461538,26,215,Battles
2018,Afrin,36.5688273764259,36.7794825095058,526,1138,Battles
2018,As Suqaylabiyah,35.51677,36.40624,10,3,Violence against civilians
2018,As Sanamayn,33.0813179104478,36.097076119403,134,80,Explosions/Remote violence
2018,Tell Abiad,36.5775285714286,38.8901285714286,7,4,Violence against civilians
2018,Tadmor,34.6016095238095,38.5325619047619,21,56,Explosions/Remote violence
2018,Al Qusayr,34.55245,36.5715333333333,6,5,Explosions/Remote violence
2018,Jarablus,36.8099545454546,37.9946909090909,11,6,Violence against civilians
2018,Shahba,32.8684625,36.609775,8,2,Violence against civilians
2018,Rural Damascus,33.5175581999999,36.3683673999999,500,1592,Explosions/Remote violence
2018,Ariha,35.7629583333333,36.5614916666667,12,13,Violence against civilians
2018,Izra,32.8477776785714,36.2393178571429,224,190,Explosions/Remote violence
2018,Izra,32.8595072916667,36.1496135416667,96,459,Battles
2018,Muhradah,35.31134,36.58482,5,5,Violence against civilians
2018,Lattakia,35.5391,35.7896,5,20,Violence against civilians
2018,Jisr Ash Shugur,35.9324068181818,36.3449181818182,44,41,Violence against civilians
2018,Salkhad,32.48335,36.6097,2,0,Violence against civilians
2018,Ras Al Ain,36.8263272727273,40.0727272727273,11,14,Battles
2018,Menbij,36.5252,37.93973,10,10,Violence against civilians
2018,Al Malikeyyeh,37.152825,42.2963,4,1,Battles
2018,Masyaf,35.0440086956522,36.4142826086956,23,13,Explosions/Remote violence
2018,As Salamiyeh,35.1626863636364,37.1787772727273,44,95,Battles
2018,Hama,35.1678538461539,36.7464461538462,13,52,Violence against civilians
2018,Masyaf,35.1011,36.3191,1,1,Violence against civilians
2018,Yabroud,33.9683,36.6594,1,0,Explosions/Remote violence
2018,Tall Kalakh,34.6684,36.2599,1,3,Violence against civilians
2018,Damascus,33.4813812500001,36.30148828125,128,1006,Battles
2018,Ath Thawrah,35.8302,38.54,5,5,Battles
2018,Masyaf,35.0662,36.3421,3,5,Battles
2018,Ain Al Arab,36.8891,38.3521,1,0,Violence against civilians
2018,Rural Damascus,33.4972111111111,36.3479055555556,18,47,Violence against civilians
2018,Ain Al Arab,36.8891,38.3521,2,0,Battles
2018,Tell Abiad,36.593725,38.944225,4,2,Battles
2018,Banyas,35.20115,35.9711,4,21,Explosions/Remote violence
2018,Izra,32.9093,36.1547071428572,14,12,Violence against civilians
2018,Al Qardaha,35.4538,36.0511,4,0,Explosions/Remote violence
2018,Shahba,32.9617952380953,36.5087761904762,21,18,Explosions/Remote violence
2018,Damascus,33.517461971831,36.2977457746479,284,255,Explosions/Remote violence
2018,Tartous,34.8866,35.8934,1,0,Explosions/Remote violence
2018,Ath Thawrah,35.8482571428571,38.6205857142857,7,8,Explosions/Remote violence
2018,Jablah,35.407,35.9479,7,0,Battles
2018,Homs,34.6932188679245,36.8198113207547,53,165,Battles
2018,Shahba,32.9811222222222,36.5466777777778,9,78,Battles
2018,Qatana,33.4387,36.0813,1,0,Battles
2018,Jablah,35.396375,35.94355,8,0,Explosions/Remote violence
2018,As Sanamayn,33.0601625,36.115675,8,31,Violence against civilians
2018,At Tall,33.6042,36.3118,1,0,Battles
2018,Quneitra,33.16245,35.8464,4,8,Violence against civilians
2018,Qatana,33.2780125,36.0496625,8,5,Explosions/Remote violence
2018,Ar Rastan,34.8857719858156,36.7760645390071,282,115,Explosions/Remote violence
2018,Ar Rastan,34.9053153846154,36.7301615384615,13,11,Violence against civilians
2018,Al Qutayfah,33.829288,36.918952,25,13,Explosions/Remote violence
2018,Salkhad,32.5317333333333,36.5783333333333,3,10,Battles
2018,Darayya,33.4579828571429,36.3000514285714,35,180,Battles
2018,At Tall,33.61215,36.2871,2,3,Explosions/Remote violence
2018,As Safira,35.7839,37.4998,1,1,Violence against civilians
2018,Al Makhrim,34.7800714285714,37.1527,7,5,Explosions/Remote violence
2018,Ar Rastan,34.8995057142857,36.7991542857143,35,78,Battles
2018,Homs,34.6979933333333,36.7170933333333,15,15,Violence against civilians
2018,Al Qusayr,34.5387,36.4734,1,0,Violence against civilians
2018,Tall Kalakh,34.7149714285714,36.2694285714286,7,6,Explosions/Remote violence
2018,Al Qutayfah,33.83595,36.93835,8,47,Battles
2018,An Nabk,34.0686,36.5419,3,2,Explosions/Remote violence
2018,Darayya,33.4579,36.303,4,6,Violence against civilians
2018,Jablah,35.3166,36.1242,1,0,Violence against civilians
2018,Az Zabdani,33.6440666666667,36.1249,3,6,Explosions/Remote violence
2018,Al Malikeyyeh,36.9286,42.09665,2,2,Violence against civilians
2018,Salkhad,32.5429,36.5962,1,1,Explosions/Remote violence
2018,As Safira,35.8699785714286,37.4347,14,3,Explosions/Remote violence
2018,As Safira,35.8259045454545,37.43215,22,1,Battles
2018,Al Malikeyyeh,37.1708555555556,42.2295111111111,9,0,Explosions/Remote violence
2018,Al Makhrim,34.7723,37.2788,1,0,Battles
2017,Ar Rastan,34.8788982993198,36.755200510204,588,212,Explosions/Remote violence
2017,Dara,32.6554526467757,36.1288774783443,1039,917,Explosions/Remote violence
2017,Hama,35.2290125094194,36.8026821401656,1327,642,Explosions/Remote violence
2017,Duma,33.5389981946625,36.5007055729986,1274,1030,Explosions/Remote violence
2017,Al Mara,35.5196419471153,36.7012945913461,832,860,Explosions/Remote violence
2017,Jebel Saman,36.1576155704699,37.065650134228,1490,1371,Explosions/Remote violence
2017,As Salamiyeh,35.0980604299363,37.3032790605097,1256,600,Explosions/Remote violence
2017,Abu Kamal,34.5331556113902,40.8770919597988,597,1400,Explosions/Remote violence
2017,Muhradah,35.3228938797811,36.5995631693989,915,445,Explosions/Remote violence
2017,Al Haffa,35.737667114094,36.1866765100671,149,123,Explosions/Remote violence
2017,Duma,33.5304709265176,36.6169031948881,626,1855,Battles
2017,Rural Damascus,33.5098900201611,36.3644631048387,992,964,Explosions/Remote violence
2017,As Safira,35.8662486956523,37.3841034782608,230,104,Explosions/Remote violence
2017,Idleb,35.9042819148936,36.7419172340425,470,1063,Explosions/Remote violence
2017,Lattakia,35.7374,35.9591387755102,98,94,Explosions/Remote violence
2017,Dara,32.6720934883722,36.0636020930234,430,1338,Battles
2017,As Salamiyeh,35.151707142857,37.3339007598783,658,1967,Battles
2017,Abu Kamal,34.6147485875706,40.7390016949154,177,621,Battles
2017,Al Mara,35.57350625,36.71204375,32,86,Violence against civilians
2017,Ar Raqqa,35.9405256368117,39.0573244042725,1217,3581,Explosions/Remote violence
2017,Dara,32.6888169491526,36.0707576271187,59,89,Violence against civilians
2017,Al Mayadin,34.9512748031496,40.5414,127,362,Battles
2017,Abu Kamal,34.5721977777778,40.8627822222222,45,78,Violence against civilians
2017,Jisr Ash Shugur,35.8212293948127,36.271715850144,347,286,Explosions/Remote violence
2017,As Safira,35.7733526315789,37.4665368421053,114,334,Battles
2017,Azaz,36.4933425219941,37.1017246334311,341,244,Explosions/Remote violence
2017,Afrin,36.5203022727273,36.8713579545454,88,30,Explosions/Remote violence
2017,Al Mara,35.50237,36.8039571428572,140,203,Battles
2017,Azaz,36.5173938547486,37.1202525139665,179,478,Battles
2017,Damascus,33.5230721518987,36.3141068354431,395,1036,Battles
2017,Ar Rastan,34.8619707692308,36.7290984615385,65,177,Battles
2017,Ariha,35.7474102040816,36.5572319727891,147,210,Explosions/Remote violence
2017,Quneitra,33.1627219931272,35.8587945017182,291,103,Explosions/Remote violence
2017,Hama,35.227800395257,36.8396557312253,506,1794,Battles
2017,Al Mayadin,34.9723190476189,40.5100219047619,420,1502,Explosions/Remote violence
2017,Qatana,33.3221132978723,35.9537164893617,188,580,Battles
2017,Rural Damascus,33.5185626344086,36.3628994623656,372,1034,Battles
2017,Deir ez Zor,35.3406628890662,40.1699287310454,1253,2938,Explosions/Remote violence
2017,Al Hasakeh,36.0907535211268,40.8133404929579,284,651,Explosions/Remote violence
2017,Homs,34.651652616279,37.0341305232558,344,1024,Battles
2017,Deir ez Zor,35.3582070175438,40.1404706140352,684,2465,Battles
2017,Muhradah,35.2729959677419,36.5888314516129,124,409,Battles
2017,Homs,34.8166742811502,36.6615940894569,626,728,Explosions/Remote violence
2017,As Suqaylabiyah,35.4918612612612,36.383677027027,444,236,Explosions/Remote violence
2017,Quamishli,36.9341,41.2997714285714,7,18,Battles
2017,Al Bab,36.3675197278911,37.5517295918368,294,1066,Explosions/Remote violence
2017,As Sanamayn,33.0757428571428,36.0991092857143,140,136,Explosions/Remote violence
2017,Jablah,35.3760909090909,35.9352454545455,11,40,Explosions/Remote violence
2017,Ras Al Ain,36.7699352941177,40.0684823529412,17,102,Explosions/Remote violence
2017,Duma,33.5400875,36.7117520833333,48,53,Violence against civilians
2017,As Suqaylabiyah,35.4830210526316,36.4071684210526,38,113,Battles
2017,Masyaf,35.0141473684211,36.3394473684211,19,46,Battles
2017,Menbij,36.1720409090909,37.9688402597403,154,380,Explosions/Remote violence
2017,Harim,36.1670461538462,36.6371628205129,156,486,Explosions/Remote violence
2017,Masyaf,35.0295040816327,36.424387755102,49,47,Explosions/Remote violence
2017,Idleb,35.9264129032258,36.6973387096774,93,100,Battles
2017,Damascus,33.5204370642202,36.3043192660551,545,535,Explosions/Remote violence
2017,Jebel Saman,36.1738142857144,37.0788815584417,385,915,Battles
2017,Qatana,33.3162900584796,35.9386956140351,342,112,Explosions/Remote violence
2017,Tell Abiad,36.6457666666667,38.93596,15,20,Violence against civilians
2017,Izra,32.8810825641026,36.2358287179488,195,119,Explosions/Remote violence
2017,Al Hasakeh,36.3893111111111,40.7529888888889,45,45,Violence against civilians
2017,Jisr Ash Shugur,35.8345272727273,36.2653590909091,22,34,Battles
2017,Al Haffa,35.72668,36.162928,25,35,Battles
2017,Deir ez Zor,35.3730964285714,40.1570803571429,112,230,Violence against civilians
2017,Rural Damascus,33.5162606060606,36.3526393939394,33,38,Violence against civilians
2017,At Tall,33.6653000000001,36.3290000000001,115,140,Violence against civilians
2017,Quneitra,33.177075,35.8627157407407,108,361,Battles
2017,As Sweida,32.708156097561,36.599587804878,41,116,Battles
2017,Idleb,35.9356486111111,36.6938972222222,72,76,Violence against civilians
2017,Al Bab,36.340897037037,37.5822666666667,270,750,Battles
2017,Al Hasakeh,36.1078819277108,40.7786891566265,83,436,Battles
2017,Afrin,36.5138,36.8557173913043,23,8,Battles
2017,As Sanamayn,33.0455,36.1424166666667,6,2,Violence against civilians
2017,Al Mayadin,35.008476,40.468804,50,108,Violence against civilians
2017,Jisr Ash Shugur,35.8937911764706,36.2854411764706,34,48,Violence against civilians
2017,Al Malikeyyeh,37.151325,42.144025,4,3,Violence against civilians
2017,An Nabk,34.054696,36.688782,50,40,Explosions/Remote violence
2017,Darayya,33.4579,36.303,14,35,Explosions/Remote violence
2017,As Sweida,32.7256,36.546,4,3,Violence against civilians
2017,Jarablus,36.7522346153846,37.9909269230769,26,37,Battles
2017,Al Makhrim,34.8129756097561,37.3435243902439,123,339,Battles
2017,Jebel Saman,36.2032117647059,37.1116323529412,34,51,Violence against civilians
2017,Harim,36.2203213114754,36.6501524590164,61,82,Violence against civilians
2017,Harim,36.1810770833333,36.6061916666667,48,90,Battles
2017,Lattakia,35.7922818181818,36.0065181818182,22,52,Battles
2017,Izra,32.8677805194805,36.0898207792208,77,242,Battles
2017,Darayya,33.4577333333333,36.2912777777778,27,11,Battles
2017,Izra,32.83723,36.07094,10,124,Violence against civilians
2017,Tadmor,34.7233483516483,38.5819604395604,182,192,Explosions/Remote violence
2017,Az Zabdani,33.6840664921465,36.1107837696336,191,146,Explosions/Remote violence
2017,Jarablus,36.7620666666667,37.9714,6,6,Explosions/Remote violence
2017,Ariha,35.732937254902,36.5715941176471,51,39,Battles
2017,Al Qutayfah,33.8266837837838,36.9033540540541,37,34,Explosions/Remote violence
2017,Homs,34.75129,36.665025,20,101,Violence against civilians
2017,Damascus,33.5166593220339,36.2981118644068,59,62,Violence against civilians
2017,As Safira,35.8916,37.4130833333333,6,11,Violence against civilians
2017,Menbij,36.1800662921348,37.9528629213483,178,285,Battles
2017,Ath Thawrah,35.8351268382354,38.5582029411765,272,683,Explosions/Remote violence
2017,Shahba,32.88835,36.4348,2,8,Violence against civilians
2017,Menbij,36.3060037037037,37.9822962962963,27,49,Violence against civilians
2017,Shahba,32.95132,36.6038066666667,15,52,Battles
2017,Al Malikeyyeh,37.0796666666667,41.9201333333333,3,3,Battles
2017,As Sanamayn,33.0507086956522,36.1341130434783,23,32,Battles
2017,Jarablus,36.7920384615384,37.9895730769231,26,27,Violence against civilians
2017,Ar Raqqa,35.947950867824,39.0467596795725,749,3717,Battles
2017,Tadmor,34.6683871148459,38.5828224089638,357,1093,Battles
2017,Tall Kalakh,34.6849068965517,36.2007551724138,29,0,Explosions/Remote violence
2017,Ar Rastan,34.8956875,36.708875,8,5,Violence against civilians
2017,Masyaf,34.8864,36.434,1,0,Violence against civilians
2017,Ain Al Arab,36.81135,38.1928333333333,6,27,Battles
2017,Ath Thawrah,35.8631485714286,38.5508257142857,35,57,Violence against civilians
2017,Shahba,32.9940166666667,36.59655,12,42,Explosions/Remote violence
2017,Al Bab,36.404196,37.523568,25,45,Violence against civilians
2017,Al Makhrim,34.8213534883721,37.3133767441861,86,26,Explosions/Remote violence
2017,Quamishli,36.94783,41.29198,20,51,Explosions/Remote violence
2017,As Sweida,32.7041571428572,36.5867964285714,28,10,Explosions/Remote violence
2017,Hama,35.2263166666667,36.80195,12,109,Violence against civilians
2017,Al Malikeyyeh,37.08722,42.0313066666667,15,50,Explosions/Remote violence
2017,Ain Al Arab,36.78195625,38.2941375,16,19,Explosions/Remote violence
2017,Ras Al Ain,36.8045611111111,40.0990666666667,18,13,Violence against civilians
2017,Quamishli,37.0591227272727,41.1642727272727,22,16,Violence against civilians
2017,Azaz,36.5179875,37.13499375,16,25,Violence against civilians
2017,As Salamiyeh,35.1005,37.25756,5,43,Violence against civilians
2017,Ar Raqqa,35.931334,39.076273,100,284,Violence against civilians
2017,Al Fiq,32.8328,35.7836,1,0,Violence against civilians
2017,Tell Abiad,36.4950352941176,38.9184,17,30,Battles
2017,Muhradah,35.2929888888889,36.5936777777778,9,74,Violence against civilians
2017,Al Qardaha,35.4538,36.0511,7,2,Explosions/Remote violence
2017,Afrin,36.5237333333333,36.8696666666667,3,1,Violence against civilians
2017,At Tall,33.6042,36.3118,3,1,Explosions/Remote violence
2017,Quneitra,33.21708,35.82934,5,4,Violence against civilians
2017,Ras Al Ain,36.9201111111111,40.2637666666667,9,23,Battles
2017,Tell Abiad,36.47635,38.9186395833334,48,83,Explosions/Remote violence
2017,Al Qusayr,34.5667357142857,36.5456142857143,14,10,Explosions/Remote violence
2017,Al Qutayfah,33.8556,37.0101,59,207,Battles
2017,An Nabk,34.0555244897959,36.6850693877551,49,290,Battles
2017,Yabroud,33.9712454545455,36.6237181818182,11,28,Battles
2017,Yabroud,33.9683,36.6594,6,4,Explosions/Remote violence
2017,Ariha,35.72726,36.56472,5,8,Violence against civilians
2017,Al Qusayr,34.619345,36.57495,20,95,Battles
2017,Salkhad,32.4238,36.6232,1,10,Battles
2017,An Nabk,34.03495,36.6823,2,2,Violence against civilians
2017,Tartous,34.8866,35.8934,4,14,Explosions/Remote violence
2017,Ath Thawrah,35.8382198717949,38.557025,156,602,Battles
2017,Tadmor,34.5656,38.2877,4,32,Violence against civilians
2017,Salkhad,32.49065,36.58085,2,1,Explosions/Remote violence
2017,Az Zabdani,33.6236378640776,36.1433893203883,103,305,Battles
2017,Ain Al Arab,36.8717,38.3651,2,1,Violence against civilians
2017,At Tall,33.6983,36.34485,2,11,Battles
2017,Tall Kalakh,34.74565,36.25185,8,38,Battles
2017,Darayya,33.4579,36.303,3,3,Violence against civilians
2017,As Suqaylabiyah,35.469,36.408,3,2,Violence against civilians
2017,Al Qutayfah,33.8194666666667,36.9088666666667,3,6,Violence against civilians
2017,Az Zabdani,33.6732714285715,36.1132910714286,56,57,Violence against civilians
2017,Al Qusayr,34.5078,36.5803,1,1,Violence against civilians
2017,Al Haffa,35.5995,36.0348,1,1,Violence against civilians
2017,Tartous,34.8866,35.8934,1,0,Battles
